Index,Keyword,similarity
1,10 discount on great indian festival,-1
2,5 famous festivals of india,-1
3,9 festival,-1
4,about amazon great indian festival,-1
5,airpods price in great indian festival,-1
6,amazon great indian festival 10 instant discount,-1
7,amazon great indian festival 2022 card offers,-1
8,amazon great indian festival 2022 credit card offers,-1
9,amazon great indian festival 2022 dates,-1
10,amazon great indian festival 2022 expected date,-1
11,amazon great indian festival 2022 november,-1
12,amazon great indian festival 2022 offers list,-1
13,amazon great indian festival 2022 price list,-1
14,amazon great indian festival 2022 tv offers,-1
15,amazon great indian festival 2023 august,-1
16,amazon great indian festival 2023 bank offers,-1
17,amazon great indian festival 2023 card offers,-1
18,amazon great indian festival 2023 countdown,-1
19,amazon great indian festival 2023 coupon code,-1
20,amazon great indian festival 2023 credit card,-1
21,amazon great indian festival 2023 credit card offers,-1
22,amazon great indian festival 2023 diwali,-1
23,amazon great indian festival 2023 expected date,-1
24,amazon great indian festival 2023 how many days,-1
25,amazon great indian festival 2023 kab tak hai,-1
26,amazon great indian festival 2023 macbook air,-1
27,amazon great indian festival 2023 mobile offers,-1
28,amazon great indian festival 2023 period,-1
29,amazon great indian festival 2023 period end date,-1
30,amazon great indian festival 2023 phone offers,-1
31,amazon great indian festival 2023 price list,-1
32,amazon great indian festival 2023 samsung mobile offers,-1
33,amazon great indian festival 2023 sbi card offer,-1
34,amazon great indian festival 2023 sbi terms and conditions,-1
35,amazon great indian festival 2023 smartwatch price,-1
36,amazon great indian festival 2023 time period,-1
37,amazon great indian festival 2023 tv offers,-1
38,amazon great indian festival ad,-1
39,amazon great indian festival apple,-1
40,amazon great indian festival bank 10 instant discount,-1
41,amazon great indian festival bank offers,-1
42,amazon great indian festival banner,-1
43,amazon great indian festival begin,-1
44,amazon great indian festival benefits,-1
45,amazon great indian festival cheat sheet,-1
46,amazon great indian festival christmas,-1
47,amazon great indian festival coupons,-1
48,amazon great indian festival credit card offers,-1
49,amazon great indian festival day,-1
50,amazon great indian festival day 2023,-1
51,amazon great indian festival diwali sale,-1
52,amazon great indian festival electronics,-1
53,amazon great indian festival electronics and accessories,-1
54,amazon great indian festival exchange offer,-1
55,amazon great indian festival for prime members,-1
56,amazon great indian festival for prime members time,-1
57,amazon great indian festival from,-1
58,amazon great indian festival furniture,-1
59,amazon great indian festival happiness upgrade days,-1
60,amazon great indian festival hashtags,-1
61,amazon great indian festival hdfc offer,-1
62,amazon great indian festival headphones,-1
63,amazon great indian festival icici bank offer,-1
64,amazon great indian festival kab aaega,-1
65,amazon great indian festival kab hai,-1
66,amazon great indian festival kab tak hai,-1
67,amazon great indian festival live now,-1
68,amazon great indian festival macbook air,-1
69,amazon great indian festival meme,-1
70,amazon great indian festival mobile,-1
71,amazon great indian festival mobile deals,-1
72,amazon great indian festival no cost emi,-1
73,amazon great indian festival oct 2023,-1
74,amazon great indian festival october,-1
75,amazon great indian festival october 2022,-1
76,amazon great indian festival october 2023,-1
77,amazon great indian festival phone,-1
78,amazon great indian festival pics,-1
79,amazon great indian festival price list,-1
80,amazon great indian festival prime members,-1
81,amazon great indian festival promo code,-1
82,amazon great indian festival quiz 50000 answers today,-1
83,amazon great indian festival reddit,-1
84,amazon great indian festival refrigerator,-1
85,amazon great indian festival sale 2022 duration,-1
86,amazon great indian festival sale duration,-1
87,amazon great indian festival sale next date,-1
88,amazon great indian festival sale period,-1
89,amazon great indian festival samsung mobile offers,-1
90,amazon great indian festival sbi card offer,-1
91,amazon great indian festival sbi offer,-1
92,amazon great indian festival sbi offer terms and conditions,-1
93,amazon great indian festival schedule,-1
94,amazon great indian festival smartphone offers,-1
95,amazon great indian festival smartwatch,-1
96,amazon great indian festival terms and conditions,-1
97,amazon great indian festival tv offers,-1
98,amazon great indian festival twitter,-1
99,amazon great indian festival upcoming date,-1
100,amazon great indian festival upto which date,-1
101,amazon great indian festival videos,-1
102,amazon great indian festival vs amazon diwali sale,-1
103,amazon great indian festival washing machine,-1
104,amazon great indian festival watches,-1
105,amazon great indian festival which bank,-1
106,amazon great indian festival winners,-1
107,amazon great indian shopping festival 2022,-1
108,amazon sale after great indian festival,-1
109,amazon.in great indian festival,-1
110,an festival,-1
111,an festival quiz,-1
112,an festival sale 2018,-1
113,best deals on great indian festival,-1
114,best indian cultural festival,-1
115,best indian festival outfit ideas,-1
116,best indian film festival,-1
117,best indian music festival,-1
118,best indian ocean holiday destinations,-1
119,camera great indian festival quiz,-1
120,date of great indian festival 2023,-1
121,dineout great indian restaurant festival,-1
122,dineout great indian restaurant festival 2022,-1
123,dineout great indian restaurant festival 2023,-1
124,during great indian festival quiz,-1
125,end of great indian festival 2022,-1
126,end of great indian festival 2023,-1
127,etmoney great indian investment festival,-1
128,famed.indian festival,-1
129,famous indian college festivals,-1
130,famous indian festival filled with color,-1
131,famous indian festival of color,-1
132,famous indian festival with color,-1
133,famous indian festivals pongal,-1
134,famous indian festivals state wise,-1
135,famous indian music festivals,-1
136,famous indian theatre festival,-1
137,famous indian water festival,-1
138,festival,-1
139,festival 2022,-1
140,festival 2023,-1
141,festival 2023 date,-1
142,festival 2023 end date,-1
143,festival 2023 how many days,-1
144,festival 2023 prime members,-1
145,festival amazon,-1
146,festival amazon date,-1
147,festival amazon iphone 13,-1
148,festival bank,-1
149,festival date,-1
150,festival early,-1
151,festival electronics,-1
152,festival end date time,-1
153,festival ends,-1
154,festival how many days,-1
155,festival iphone,-1
156,festival iphone 13 price,-1
157,festival iphone 14 price,-1
158,festival iqoo,-1
159,festival iqoo neo 6,-1
160,festival mla,-1
161,festival mla citation,-1
162,festival mla format,-1
163,festival mlb,-1
164,festival mlk,-1
165,festival prime members,-1
166,festival quiz,-1
167,festival sale 2018,-1
168,festival sale end,-1
169,festival sale end date,-1
170,festival sale last date,-1
171,festival spin,-1
172,festival start,-1
173,festival starts,-1
174,festival terms,-1
175,festival tickets,-1
176,festival woodbridge va,-1
177,festival wordle,-1
178,festival words,-1
179,festival work,-1
180,festivals,-1
181,festivals 2023,-1
182,festivals in india,-1
183,festivals world,-1
184,flipkart great indian festival 2023 end date,-1
185,flipkart great indian festival 2023 mobile offers,-1
186,flipkart great indian festival 2023 start and end date,-1
187,great india beer fest,-1
188,great india beer festival,-1
189,great india beer festival 2023,-1
190,great india festival date,-1
191,great indian biologics festival 2023,-1
192,great indian festival 10,-1
193,great indian festival 10 discount,-1
194,great indian festival 2021 date,-1
195,great indian festival 2022 date,-1
196,great indian festival 2023,-1
197,great indian festival 2023,-1
198,great indian festival 2023 bank offers,-1
199,great indian festival 2023 date,-1
200,great indian festival 2023 date amazon,-1
201,great indian festival 2023 end date amazon,-1
202,great indian festival 2023 for prime members,-1
203,great indian festival 2023 how many days,-1
204,great indian festival 2023 iphone 13 price,-1
205,great indian festival 2023 iphone 14 price,-1
206,great indian festival 2023 iphone price,-1
207,great indian festival 2023 macbook,-1
208,great indian festival 2023 mobile offers,-1
209,great indian festival 2023 offers,-1
210,great indian festival 2023 sbi card offer,-1
211,great indian festival 2023 start date,-1
212,great indian festival 2023 toronto,-1
213,great indian festival 8 oct to,-1
214,great indian festival 8 october 2023,-1
215,great indian festival 8 october to,-1
216,great indian festival 8 to,-1
217,great indian festival 8th october to,-1
218,great indian festival amazon,-1
219,great indian festival amazon 10 discount,-1
220,great indian festival amazon bank,-1
221,great indian festival amazon date 2022,-1
222,great indian festival amazon date 2023,-1
223,great indian festival amazon date for prime members,-1
224,great indian festival amazon end date,-1
225,great indian festival amazon ends,-1
226,great indian festival amazon flipkart,-1
227,great indian festival amazon india,-1
228,great indian festival amazon iphone 13,-1
229,great indian festival amazon quiz,-1
230,great indian festival amazon sale date,-1
231,great indian festival amazon start date,-1
232,great indian festival and big billion days,-1
233,great indian festival and date,-1
234,great indian festival answer and win,-1
235,great indian festival app,-1
236,great indian festival apple,-1
237,great indian festival apple watch,-1
238,great indian festival at amazon,-1
239,great indian festival bank,-1
240,great indian festival bank offer,-1
241,great indian festival banner,-1
242,great indian festival best deals,-1
243,great indian festival best offers,-1
244,great indian festival bollywood dance party quiz,-1
245,great indian festival books,-1
246,great indian festival by amazon,-1
247,great indian festival card,-1
248,great indian festival card offer,-1
249,great indian festival closing date,-1
250,great indian festival coming soon,-1
251,great indian festival countdown,-1
252,great indian festival coupon,-1
253,great indian festival coupon code,-1
254,great indian festival credit card,-1
255,great indian festival credit card offers,-1
256,great indian festival date,-1
257,great indian festival date 2022,-1
258,great indian festival date amazon,-1
259,great indian festival date and time,-1
260,great indian festival date extended,-1
261,great indian festival date in 2023,-1
262,great indian festival date till,-1
263,great indian festival dates,-1
264,great indian festival dates end,-1
265,great indian festival day,-1
266,great indian festival day 2023 date,-1
267,great indian festival days,-1
268,great indian festival days 2023,-1
269,great indian festival days 2023 amazon date,-1
270,great indian festival days end date,-1
271,great indian festival days in amazon,-1
272,great indian festival deadline,-1
273,great indian festival deal end date,-1
274,great indian festival deals,-1
275,great indian festival deals 2023,-1
276,great indian festival deals amazon,-1
277,great indian festival debit card,-1
278,great indian festival debit card offers,-1
279,great indian festival delivery time,-1
280,great indian festival details,-1
281,great indian festival discount,-1
282,great indian festival discount percentage,-1
283,great indian festival diwali sale 2023,-1
284,great indian festival diwali special sale,-1
285,great indian festival duration,-1
286,great indian festival earbuds,-1
287,great indian festival earbuds offer,-1
288,great indian festival early access,-1
289,great indian festival early for amazon prime members,-1
290,great indian festival early for prime members,-1
291,great indian festival early start for amazon prime members,-1
292,great indian festival electronic quiz,-1
293,great indian festival electronics quiz amazon,-1
294,great indian festival end date,-1
295,great indian festival end date 2022,-1
296,great indian festival end date amazon,-1
297,great indian festival end date time,-1
298,great indian festival ending date 2023,-1
299,great indian festival ending time,-1
300,great indian festival ends 2023,-1
301,great indian festival ends in,-1
302,great indian festival ends on,-1
303,great indian festival ends on amazon,-1
304,great indian festival expected date,-1
305,great indian festival expiry date,-1
306,great indian festival extended,-1
307,great indian festival extended date,-1
308,great indian festival extra happiness days,-1
309,great indian festival features,-1
310,great indian festival finish date,-1
311,great indian festival flipkart,-1
312,great indian festival flipkart 2023 date,-1
313,great indian festival flipkart date,-1
314,great indian festival for how many days,-1
315,great indian festival for non prime members,-1
316,great indian festival for prime,-1
317,great indian festival for prime members,-1
318,great indian festival for prime members 2023,-1
319,great indian festival for prime members time,-1
320,great indian festival for prime users,-1
321,great indian festival from 8 to,-1
322,great indian festival from when to when,-1
323,great indian festival funzone jackpot quiz answers,-1
324,great indian festival gaming laptop,-1
325,great indian festival guess the celebrity,-1
326,great indian festival guess the celebrity quiz,-1
327,great indian festival guess the celebrity quiz answers,-1
328,great indian festival hacks,-1
329,great indian festival hdfc offer,-1
330,great indian festival how long,-1
331,great indian festival how many days,-1
332,great indian festival how many times,-1
333,great indian festival how many times in a year,-1
334,great indian festival images,-1
335,great indian festival in 2022,-1
336,great indian festival in 2022 last date,-1
337,great indian festival in 2023,-1
338,great indian festival in amazon 2023 date,-1
339,great indian festival in amazon end date,-1
340,great indian festival in amazon how many days,-1
341,great indian festival india,-1
342,great indian festival india dates,-1
343,great indian festival intel quiz,-1
344,great indian festival iphone,-1
345,great indian festival iphone 11 price,-1
346,great indian festival iphone 12 price,-1
347,great indian festival iphone 13,-1
348,great indian festival iphone 13 price,-1
349,great indian festival iphone 13 price 2022,-1
350,great indian festival iphone 14 plus price,-1
351,great indian festival iphone 14 price,-1
352,great indian festival iphone 14 pro price,-1
353,great indian festival iphone 15,-1
354,great indian festival iphone price,-1
355,great indian festival iqoo neo 7 pro price,-1
356,great indian festival is fake or real,-1
357,great indian festival is for how many days,-1
358,great indian festival is from,-1
359,great indian festival is live,-1
360,great indian festival is only for prime members,-1
361,great indian festival is till,-1
362,great indian festival is till which date,-1
363,great indian festival is upto,-1
364,great indian festival items,-1
365,great indian festival items list,-1
366,great indian festival jackpot quiz,-1
367,great indian festival kab aaega,-1
368,great indian festival kab chalu hoga,-1
369,great indian festival kab hai,-1
370,great indian festival kab khatm hoga,-1
371,great indian festival kab se hai,-1
372,great indian festival kab se kab tak hai,-1
373,great indian festival kab se start hoga,-1
374,great indian festival kab shuru hoga,-1
375,great indian festival kab start hoga,-1
376,great indian festival kab tak hai,-1
377,great indian festival kb tk h,-1
378,great indian festival kindle,-1
379,great indian festival kindle price,-1
380,great indian festival kitne din ka hota hai,-1
381,great indian festival kya hai,-1
382,great indian festival laptop deals,-1
383,great indian festival laptop discount,-1
384,great indian festival laptop offers,-1
385,great indian festival laptop offers 2023,-1
386,great indian festival laptop price,-1
387,great indian festival last,-1
388,great indian festival last date,-1
389,great indian festival last date amazon,-1
390,great indian festival last day,-1
391,great indian festival last day 2023,-1
392,great indian festival lasts till,-1
393,great indian festival launch date,-1
394,great indian festival live,-1
395,great indian festival logo,-1
396,great indian festival logo png,-1
397,great indian festival lucky draw quiz,-1
398,great indian festival macbook,-1
399,great indian festival macbook air m1 price,-1
400,great indian festival macbook price,-1
401,great indian festival meaning,-1
402,great indian festival meaning in hindi,-1
403,great indian festival meesho,-1
404,great indian festival memes,-1
405,great indian festival mobile deals,-1
406,great indian festival mobile offers,-1
407,great indian festival mobile price,-1
408,great indian festival myntra,-1
409,great indian festival news,-1
410,great indian festival next date,-1
411,great indian festival next sale,-1
412,great indian festival nmacc,-1
413,great indian festival no cost emi,-1
414,great indian festival nothing phone 1,-1
415,great indian festival nothing phone 2,-1
416,great indian festival november 2023,-1
417,great indian festival oct 2023,-1
418,great indian festival oct 8 to,-1
419,great indian festival october 2022,-1
420,great indian festival october 2023,-1
421,great indian festival of amazon dates,-1
422,great indian festival of trust,-1
423,great indian festival offer date,-1
424,great indian festival offer last date,-1
425,great indian festival offer time,-1
426,great indian festival offers,-1
427,great indian festival offers in amazon,-1
428,great indian festival offers list,-1
429,great indian festival offers on mobiles,-1
430,great indian festival offers on mobiles 2023,-1
431,great indian festival official date,-1
432,great indian festival on amazon,-1
433,great indian festival on amazon date,-1
434,great indian festival on amazon starts from,-1
435,great indian festival on flipkart,-1
436,great indian festival on tv & large appliances,-1
437,great indian festival oneplus,-1
438,great indian festival oneplus 11 price,-1
439,great indian festival oneplus 11r,-1
440,great indian festival oneplus 11r price,-1
441,great indian festival online india,-1
442,great indian festival only for prime members,-1
443,great indian festival or diwali sale,-1
444,great indian festival or diwali sale which is better,-1
445,great indian festival ottawa,-1
446,great indian festival period,-1
447,great indian festival period 2023,-1
448,great indian festival phone,-1
449,great indian festival phone deals,-1
450,great indian festival phone offers,-1
451,great indian festival phone price,-1
452,great indian festival pictionary,-1
453,great indian festival pictionary quiz,-1
454,great indian festival pictionary quiz answers,-1
455,great indian festival png,-1
456,great indian festival png images,-1
457,great indian festival pre book,-1
458,great indian festival price list,-1
459,great indian festival price of iphone 14,-1
460,great indian festival price reveal,-1
461,great indian festival prices,-1
462,great indian festival prime,-1
463,great indian festival products list,-1
464,great indian festival promo code,-1
465,great indian festival ps5,-1
466,great indian festival puzzle with friends quiz,-1
467,great indian festival quiz,-1
468,great indian festival quiz,-1
469,great indian festival quiz 2023,-1
470,great indian festival quiz 25000,-1
471,great indian festival quiz amazon today,-1
472,great indian festival quiz answers today,-1
473,great indian festival quiz electronics,-1
474,great indian festival quiz enter the lucky draw to win the,-1
475,great indian festival quiz guess the celebrity,-1
476,great indian festival quiz on amazon,-1
477,great indian festival quiz pictionary,-1
478,great indian festival quora,-1
479,great indian festival reddit,-1
480,great indian festival release date,-1
481,great indian festival sale,-1
482,great indian festival sale 2018,-1
483,great indian festival sale 2022,-1
484,great indian festival sale 2022 date,-1
485,great indian festival sale 2023,-1
486,great indian festival sale 2023 date,-1
487,great indian festival sale 2023 flipkart,-1
488,great indian festival sale 2023 iphone price,-1
489,great indian festival sale 2023 start date,-1
490,great indian festival sale amazon 2023 date,-1
491,great indian festival sale amazon quiz,-1
492,great indian festival sale duration,-1
493,great indian festival sale end date,-1
494,great indian festival sale iphone 13 price,-1
495,great indian festival sale on amazon date,-1
496,great indian festival sbi card,-1
497,great indian festival sbi card offer,-1
498,great indian festival sbi card offer terms and conditions,-1
499,great indian festival sbi card terms and conditions,-1
500,great indian festival sbi debit card offer,-1
501,great indian festival schedule,-1
502,great indian festival schedule 2023,-1
503,great indian festival season,-1
504,great indian festival shoes,-1
505,great indian festival smartphone,-1
506,great indian festival special quiz amazon,-1
507,great indian festival special quiz questions and answers,-1
508,great indian festival spin and win,-1
509,great indian festival spin and win iphone 15,-1
510,great indian festival start and end date,-1
511,great indian festival start date,-1
512,great indian festival start date 2023,-1
513,great indian festival start date and end date,-1
514,great indian festival start for prime members,-1
515,great indian festival starts 24 hours quiz,-1
516,great indian festival starts early for,-1
517,great indian festival starts early for amazon,-1
518,great indian festival starts early for amazon prime members,-1
519,great indian festival starts early for amazon prime membership,-1
520,great indian festival starts for prime members,-1
521,great indian festival starts from,-1
522,great indian festival starts hours,-1
523,great indian festival tablet,-1
524,great indian festival tablet price,-1
525,great indian festival technology,-1
526,great indian festival telegram,-1
527,great indian festival telegram channel,-1
528,great indian festival till what date,-1
529,great indian festival till when,-1
530,great indian festival time,-1
531,great indian festival time for prime members,-1
532,great indian festival timeline,-1
533,great indian festival top deals,-1
534,great indian festival tuesday,-1
535,great indian festival tulsa,-1
536,great indian festival turkey,-1
537,great indian festival turning point,-1
538,great indian festival turning red,-1
539,great indian festival turning stone,-1
540,great indian festival tuscumbia al,-1
541,great indian festival tuskahoma oklahoma,-1
542,great indian festival tv,-1
543,great indian festival until,-1
544,great indian festival upto,-1
545,great indian festival upto which date,-1
546,great indian festival valid till,-1
547,great indian festival validity,-1
548,great indian festival validity period,-1
549,great indian festival vs big billion days,-1
550,great indian festival vs big billion days which is better,-1
551,great indian festival vs diwali sale,-1
552,great indian festival vs flipkart big billion day,-1
553,great indian festival watch,-1
554,great indian festival what to buy,-1
555,great indian festival when,-1
556,great indian festival when end,-1
557,great indian festival when it will end,-1
558,great indian festival when start,-1
559,great indian festival wikipedia,-1
560,great indian festival will end,-1
561,great indian festival will end on which date,-1
562,great indian festivals,-1
563,great indian food festival,-1
564,great indian food festival 2022,-1
565,great indian food festival 2022 raipur,-1
566,great indian food festival 2023,-1
567,great indian food festival 2023 dineout,-1
568,great indian food festival berlin,-1
569,great indian food festival swiggy,-1
570,great indian hornbill festival,-1
571,great indian music festival,-1
572,great indian oktoberfest,-1
573,great indian plantain,-1
574,great indian restaurant festival 2023,-1
575,great indian restaurant festival 2023 swiggy,-1
576,great indian rock festival,-1
577,great indian science fest,-1
578,great indian science festival,-1
579,great indian shopping festival,-1
580,great indian shopping festival 2022,-1
581,great indian shopping festival amazon,-1
582,great indian shopping festival dates,-1
583,great indian short film festival,-1
584,great indian short film festival awards,-1
585,great indian sneaker festival,-1
586,great indian sneaker festival 2022 delhi,-1
587,great plains film festival,-1
588,great trail festival 2022,-1
589,great trail festival grounds,-1
590,great trail festival in malvern ohio,-1
591,great trail festival ohio,-1
592,greater indian festival tulsa,-1
593,greater tulsa indian art festival,-1
594,greatest indian festival,-1
595,how long does great indian festival last,-1
596,how long great indian festival,-1
597,how many days great indian festival 2023,-1
598,how many days is amazon great indian festival,-1
599,india festival,-1
600,indian big festival list,-1
601,indian famous festival name,-1
602,indian festival,-1
603,indian festival 2023,-1
604,indian festival quiz,-1
605,indian festival sale 2018,-1
606,iphone 11 great indian festival,-1
607,iphone 11 great indian festival 2022,-1
608,iphone 11 great indian festival 2023,-1
609,iphone 12 great indian festival,-1
610,iphone 12 great indian festival price 2023,-1
611,iphone 13 in great indian festival,-1
612,iphone 13 mini great indian festival,-1
613,iphone 13 on great indian festival,-1
614,iphone 14 in great indian festival,-1
615,iphone in great indian festival,-1
616,iphone price in great indian festival 2023,-1
617,iqoo amazon great indian festival,-1
618,is amazon great indian festival extended,-1
619,is amazon great indian festival live now,-1
620,is amazon great indian festival only for prime members,-1
621,is amazon great indian festival over,-1
622,is great indian festival,-1
623,is great indian festival early for amazon prime members,-1
624,is great indian festival extended,-1
625,is great indian festival good,-1
626,is great indian festival live,-1
627,is great indian festival live now,-1
628,is great indian festival once a year,-1
629,is great indian festival only for prime members,-1
630,is great indian festival over,-1
631,is great indian festival start early for amazon prime members,-1
632,is great indian festival started,-1
633,is great indian festival still on,-1
634,last date of great indian festival,-1
635,last day of great indian festival,-1
636,last day of great indian festival 2023,-1
637,last year great indian festival,-1
638,macbook air m1 great indian festival,-1
639,macbook air m1 great indian festival price,-1
640,n festival,-1
641,n festival quiz,-1
642,n festival sale 2018,-1
643,next great indian festival 2023,-1
644,next great indian festival in amazon,-1
645,next great indian festival on amazon,-1
646,oneplus nord 2 price amazon great indian festival,-1
647,the great indian beach festival,-1
648,the great indian beatbox festival,-1
649,the great indian festival 2023 date,-1
650,the great indian festival amazon 2023,-1
651,the great indian festival amazon 2023 date,-1
652,the great indian festival amazon 2023 iphone price,-1
653,the great indian festival amazon 2023 last date,-1
654,the great indian festival amazon date,-1
655,the great indian festival berlin,-1
656,the great indian festival ends,-1
657,the great indian festival movie,-1
658,the great indian festival offer,-1
659,the great indian festival ottawa,-1
660,the great indian festival sale amazon,-1
661,the great indian festival sale date,-1
662,the great indian film festival,-1
663,the great indian food fest,-1
664,the great indian food festival,-1
665,the great indian food festival raipur,-1
666,the great indian furniture fest,-1
667,the great indian holi festival,-1
668,the great indian science fest airia mall,-1
669,the great indian science festival,-1
670,the great indian sneaker festival 2023,-1
671,the great indian sneaker festival bookmyshow,-1
672,the great indian wedding festival,-1
673,the great indian youth festival,-1
674,top 5 indian festivals,-1
675,upcoming amazon great indian festival 2023,-1
676,upcoming amazon great indian festival sale,-1
677,what indian festival is coming up,-1
678,what indian festivals are coming up,-1
679,what is amazon great indian festival,-1
680,what makes amazon great indian festival the real pro,-1
681,when amazon great indian festival 2022,-1
682,when amazon great indian festival will start,-1
683,when does amazon great indian festival sale end,-1
684,when does amazon great indian festival start 2022,-1
685,when does amazon great indian festival start for prime customers,-1
686,when does great indian festival end,-1
687,when does great indian festival start,-1
688,when does great indian festival start on amazon 2023,-1
689,when great indian festival end 2022,-1
690,when great indian festival ends,-1
691,when great indian festival ends 2023,-1
692,when great indian festival start,-1
693,when great indian festival start 2022,-1
694,when great indian festival start 2023,-1
695,when great indian festival start for prime members,-1
696,when is great indian festival,-1
697,when is great indian festival ending,-1
698,when is great indian festival start,-1
699,when was great indian festival 2023,-1
700,when will be great indian festival 2023,-1
701,when will great indian festival end,-1
702,when will great indian festival end in 2023,-1
703,when will great indian festival start in 2023,-1